Sexo,N,Percentual (%),IC95%_Inferior,IC95%_Superior
Feminino,75394,85.55250436874475,85.31883662764173,85.78307274011682
Masculino,12732,14.447495631255247,14.216927259883171,14.681163372358263
