Região,N,Percentual (%)
Norte,2074,2.3534484715067063
Nordeste,8231,9.340035857749132
Centro-Oeste,2622,2.9752853868324896
Sudeste,32142,36.47277761387105
Sul,43057,48.85845267004063
